MovieID,TotalRating
2858,14800
260,13321
1196,12836
1210,11598
2028,11507
1198,11257
593,11219
2571,11178
2762,10835
589,10751
608,10692
527,10392
110,10346
1270,10307
318,10143
858,10059
480,10057
1197,9976
2396,9778
1617,9654
1580,9492
296,9288
2997,9245
1265,9005
1097,8997
356,8969
1240,8711
1,8613
2716,8518
1214,8419
457,8186
50,8054
3578,7900
541,7692
2628,7672
1193,7574
1200,7509
1221,7373
912,7365
2916,7350
1259,7313
919,7298
1213,7084
924,6982
1387,6940
1136,6932
2791,6874
1036,6867
34,6814
1291,6729
1610,6694
3114,6687
2987,6620
2355,6564
3175,6517
1704,6465
1307,6387
2000,6324
1127,6318
750,6083
780,6073
2918,6065
1304,5982
2599,5982
1968,5971
32,5962
2959,5916
377,5883
1225,5876
3471,5825
3793,5773
1394,5766
908,5765
2797,5749
2804,5731
590,5681
1784,5625
1374,5619
223,5573
1721,5540
1230,5525
3481,5394
1961,5391
1247,5354
1923,5353
2174,5334
1219,5328
2291,5292
1220,5283
1079,5266
648,5242
3418,5215
1584,5208
1089,5207
111,5188
3751,5156
1222,5155
592,5153
2706,5153
1252,5142
588,5118
150,5096
380,5088
1393,5086
3408,5081
3147,5077
1278,5071
1073,5070
1527,5013
1206,5012
1208,4990
733,4989
2324,4988
2406,4962
1358,4953
39,4935
21,4914
923,4898
3421,4892
2683,4859
1356,4859
1573,4833
2700,4772
3527,4739
904,4700
2395,4686
1090,4675
1288,4673
47,4669
1242,4663
3176,4663
3753,4644
1641,4643
920,4621
357,4616
1094,4586
913,4585
1294,4533
1234,4532
2692,4529
3671,4529
2194,4517
969,4494
1517,4471
1258,4462
1954,4452
3160,4334
1500,4332
364,4328
2640,4322
2529,4314
1233,4307
2321,4281
1673,4252
2985,4242
3361,4202
3897,4201
3623,4196
1674,4180
2268,4171
2115,4143
595,4119
1376,4117
1250,4115
2302,4110
1207,4107
2699,4105
1732,4101
1266,4078
1396,4067
2657,4058
3255,4044
3448,4040
3253,4033
1370,4020
1653,3997
2100,3990
3363,3986
1148,3976
2763,3966
1276,3956
349,3946
3256,3945
1028,3937
587,3930
11,3919
3702,3906
316,3895
2081,3888
2890,3887
1682,3881
2289,3876
2011,3872
903,3867
367,3866
1608,3861
1544,3811
597,3809
3703,3799
293,3790
2336,3780
2710,3750
3081,3749
1199,3741
2968,3731
1101,3723
2012,3722
1080,3721
3552,3720
3072,3719
474,3718
1408,3718
539,3708
551,3703
2455,3685
1282,3682
36,3673
3052,3672
2248,3672
1204,3658
1639,3650
6,3646
1676,3644
2353,3643
440,3613
1215,3595
3006,3588
2001,3584
25,3578
910,3578
1183,3570
2947,3562
2407,3559
1917,3543
1953,3529
736,3523
2006,3501
1997,3501
1909,3479
1035,3468
1625,3452
1912,3448
3108,3427
235,3427
1246,3425
1372,3413
2908,3412
3210,3400
1201,3398
3755,3395
3499,3382
17,3363
1179,3353
2617,3345
329,3343
1748,3341
2502,3332
1267,3315
3543,3291
2080,3287
2105,3255
2064,3251
2352,3247
899,3217
3555,3214
3039,3212
1777,3172
1407,3168
1747,3165
10,3144
953,3134
3948,3134
2470,3125
2746,3119
1552,3116
1391,3115
1299,3110
1375,3109
2915,3101
1060,3098
1947,3088
3510,3086
2020,3070
1377,3069
2054,3065
1285,3064
1129,3063
1231,3060
2108,3058
3526,3057
2770,3050
1262,3046
3174,3046
3362,3037
265,3036
3424,3031
2712,3025
1302,3004
246,2999
2948,2999
3699,2994
3107,2990
778,2974
745,2970
1722,2967
1077,2961
2243,2957
3033,2952
3104,2950
3101,2943
165,2938
1249,2936
594,2934
3608,2932
1244,2931
1994,2929
1380,2923
454,2923
3082,2913
1235,2903
1287,2894
3624,2891
70,2885
2058,2883
1263,2877
2871,2873
3396,2869
500,2866
2019,2864
529,2864
2671,2857
1275,2850
1333,2846
2278,2843
1663,2841
788,2840
3386,2839
1645,2838
1228,2835
1876,2834
2424,2833
2944,2831
161,2830
2872,2829
368,2826
2167,2813
1569,2811
1084,2810
1320,2810
3148,2810
2288,2805
2193,2804
1269,2801
2391,2795
2580,2787
1293,2779
3809,2776
3504,2766
1965,2766
2366,2764
3450,2763
1597,2762
1272,2752
1466,2729
2427,2729
2761,2728
1952,2727
2359,2727
2300,2727
2160,2719
2490,2710
2329,2705
2393,2702
2641,2677
3911,2676
1729,2671
1188,2671
497,2668
2144,2668
337,2662
785,2661
1092,2660
300,2650
3683,2649
2021,2648
1203,2646
914,2642
902,2642
1172,2637
968,2625
2002,2610
253,2601
2140,2593
2150,2590
2023,2589
16,2587
555,2585
800,2572
3105,2571
2723,2568
3868,2547
2003,2536
2078,2534
353,2529
1960,2529
1962,2528
1343,2522
2161,2520
2881,2516
2005,2504
898,2503
3763,2503
2949,2503
1256,2501
1371,2484
2369,2482
2694,2480
2605,2462
2076,2461
2664,2457
2542,2436
3435,2433
2501,2433
141,2421
266,2415
344,2412
1957,2407
104,2405
2572,2396
292,2396
3037,2390
3476,2387
441,2375
1292,2372
2826,2369
339,2355
3100,2340
3698,2335
2145,2333
1284,2333
708,2332
1485,2331
1921,2324
1093,2317
1253,2315
3360,2312
2686,2310
543,2308
1690,2305
1513,2300
2067,2293
2094,2288
1959,2287
3704,2286
1883,2281
1088,2275
2124,2263
1271,2257
3044,2248
1339,2247
2294,2247
1885,2245
2,2244
1296,2238
2273,2236
509,2234
2707,2222
1095,2218
1945,2216
2333,2204
2018,2202
288,2201
610,2192
866,2187
508,2185
2662,2180
3489,2179
2527,2176
471,2175
2087,2174
2528,2172
2688,2171
1248,2167
1022,2167
3005,2161
1805,2157
3095,2154
2371,2153
2013,2149
3863,2146
2109,2145
553,2142
3591,2140
3060,2138
1212,2137
1019,2129
2405,2129
3263,2127
3359,2122
586,2116
434,2116
922,2111
3247,2110
2795,2109
231,2107
1918,2101
3098,2100
1261,2097
1029,2095
2539,2091
1357,2086
2951,2085
3638,2081
2186,2075
3070,2070
2394,2068
1223,2063
3252,2061
1321,2060
3354,2058
2433,2056
153,2053
58,2051
317,2046
1345,2044
1711,2043
3298,2041
1104,2041
3301,2034
2085,2032
2917,2032
1186,2031
2724,2028
3535,2028
1956,2023
1967,2015
2863,2015
62,2000
162,1995
3740,1994
198,1994
3479,1991
3654,1990
151,1988
24,1984
852,1981
2581,1977
653,1974
3735,1971
112,1963
832,1962
3317,1959
3178,1959
3685,1958
3893,1958
1587,1957
2701,1947
838,1944
1254,1943
1834,1942
1032,1941
720,1939
1635,1927
3730,1925
1378,1921
1449,1916
442,1915
1041,1914
1958,1912
930,1911
3468,1908
342,1905
2137,1900
2096,1896
628,1890
3334,1882
1982,1879
596,1868
163,1867
2788,1866
45,1863
2973,1863
2046,1858
3246,1854
1257,1851
2423,1848
3785,1846
3697,1844
247,1844
994,1843
1042,1838
95,1835
2313,1834
1907,1834
3536,1833
3524,1830
3168,1829
3203,1828
1224,1826
661,1819
933,1817
562,1816
1678,1815
3020,1809
3745,1809
2541,1801
1479,1800
3087,1795
1185,1793
916,1792
3260,1790
3257,1790
3300,1789
345,1785
3267,1781
1274,1778
2478,1774
2133,1772
2841,1766
515,1763
1680,1759
3635,1756
1694,1755
2245,1755
350,1747
3035,1747
2134,1746
3614,1745
2912,1744
2966,1740
1476,1740
3717,1737
2739,1735
3545,1729
1831,1724
2065,1724
3159,1724
955,1722
2384,1721
524,1721
909,1721
2722,1718
1955,1716
926,1715
3916,1715
552,1714
208,1713
2728,1712
2976,1711
1586,1700
951,1687
2420,1685
1373,1685
1283,1684
348,1683
3752,1680
671,1678
2616,1674
3639,1673
3512,1671
3196,1666
2792,1663
2469,1658
1441,1657
1589,1653
2463,1644
2717,1642
3358,1642
1297,1639
3157,1638
29,1637
1037,1636
1120,1634
185,1633
3019,1631
1059,1629
3701,1625
954,1624
928,1623
2687,1620
3827,1617
2648,1614
2454,1612
3083,1610
2598,1608
2311,1606
466,1602
905,1601
180,1600
2010,1584
3264,1583
3273,1577
1103,1577
1347,1572
3551,1572
1081,1570
52,1569
3507,1569
647,1567
2734,1565
7,1562
3441,1556
196,1553
1171,1550
3534,1548
1086,1546
2125,1545
3798,1544
1911,1544
1719,1541
1566,1538
3269,1528
3706,1525
1217,1524
2919,1523
2991,1516
1124,1515
1047,1512
1411,1512
3173,1510
1385,1507
2398,1505
940,1502
3409,1502
1049,1501
3186,1499
2993,1497
3261,1494
802,1493
1944,1491
2926,1491
2989,1488
2431,1487
2009,1485
1301,1483
3113,1483
1350,1482
3811,1477
3508,1476
673,1475
2857,1475
1175,1473
2565,1471
144,1469
3952,1467
3844,1466
3836,1466
3068,1465
2116,1460
3088,1456
1125,1455
3219,1455
1537,1448
915,1447
1405,1444
2690,1443
3,1442
2759,1441
1779,1441
2413,1439
1950,1437
786,1437
333,1436
1245,1434
3000,1431
3438,1430
1078,1427
272,1427
2428,1425
2139,1421
1792,1421
3201,1419
2403,1418
1914,1417
1344,1416
2409,1414
306,1412
3016,1412
232,1410
1277,1410
1298,1409
2533,1408
3152,1406
3513,1406
1238,1404
1614,1404
3062,1398
3668,1394
494,1392
2622,1390
435,1389
2141,1385
3505,1375
3067,1374
3451,1372
1894,1371
3617,1369
1300,1368
1096,1368
1562,1368
3744,1365
431,1362
3274,1361
2126,1359
3185,1358
3259,1358
1717,1354
3265,1353
1892,1352
164,1352
372,1350
410,1346
3686,1344
2118,1344
3397,1338
2600,1335
3791,1334
2301,1332
3869,1331
2735,1330
1061,1328
1260,1325
3198,1324
900,1321
1620,1318
748,1314
1754,1314
2015,1312
224,1309
1693,1305
173,1302
678,1299
1135,1298
1243,1295
3461,1294
3462,1292
2819,1289
2414,1285
2805,1285
3034,1284
741,1284
724,1284
849,1283
1303,1280
911,1280
2421,1277
1459,1276
531,1274
2303,1274
3681,1273
1020,1270
2312,1267
22,1266
160,1265
1237,1265
2467,1264
3271,1262
379,1260
783,1257
1810,1256
1590,1254
485,1254
2485,1251
105,1251
3949,1251
1644,1250
2318,1249
2779,1249
3254,1249
2672,1247
3927,1246
492,1246
1591,1245
2231,1245
3250,1245
3618,1244
303,1244
1619,1241
1916,1241
950,1238
2378,1238
805,1235
2990,1232
3071,1231
2921,1231
2335,1229
942,1227
1616,1222
514,1222
3633,1222
2088,1222
125,1219
2390,1218
475,1217
2840,1215
585,1215
2702,1213
517,1213
2971,1212
2496,1211
1518,1211
2132,1210
2375,1209
3684,1208
3328,1207
2112,1207
2334,1206
230,1205
1835,1204
538,1204
252,1200
2718,1199
2110,1198
1147,1197
1409,1197
3494,1196
3398,1195
370,1194
2642,1194
145,1193
3556,1191
3244,1190
1801,1190
3307,1189
3429,1188
2474,1187
532,1186
3007,1184
3498,1182
172,1180
1100,1179
2747,1179
3712,1179
2401,1176
921,1176
2986,1174
3770,1173
2138,1172
3871,1171
222,1167
69,1166
2130,1165
674,1164
2143,1161
1594,1160
1882,1160
1888,1159
1280,1156
314,1155
2410,1153
3629,1152
1964,1150
535,1149
3469,1147
60,1147
1672,1146
468,1145
1189,1144
3285,1143
3155,1137
48,1137
376,1136
2719,1134
2803,1133
2402,1133
799,1132
216,1130
3525,1130
2247,1129
1845,1129
2253,1128
3163,1126
2794,1125
1927,1124
2942,1122
3467,1122
2340,1119
2861,1116
2416,1115
1012,1115
3156,1113
2282,1112
934,1112
1031,1110
3615,1110
1367,1109
3733,1109
1268,1105
2297,1103
3089,1098
2946,1098
534,1097
971,1097
520,1096
2146,1095
3189,1093
2471,1088
1027,1088
507,1085
2348,1080
599,1079
236,1077
493,1075
2530,1075
1379,1073
168,1068
3061,1067
3249,1066
3129,1066
1688,1065
319,1063
3760,1062
2376,1062
1334,1060
1025,1058
2901,1057
2750,1054
2713,1053
784,1051
3548,1051
2867,1051
412,1050
3384,1049
3576,1046
3040,1043
1327,1043
2082,1042
1091,1042
1264,1042
945,1041
3452,1040
261,1040
3675,1037
446,1037
1687,1037
2468,1036
428,1034
2117,1034
2070,1031
965,1031
2262,1029
1178,1029
3053,1029
3826,1028
1643,1027
3873,1027
3566,1025
1218,1024
1920,1023
1286,1022
1963,1021
1354,1021
2518,1021
2532,1018
1603,1018
3812,1014
3528,1013
2941,1012
2859,1012
432,1011
170,1010
3366,1010
2764,1008
2111,1007
2476,1004
3723,1003
1769,1001
3365,1001
2363,999
1884,997
307,996
2203,995
1211,995
373,995
481,994
1030,994
2346,992
2411,992
1895,991
1017,990
1033,990
3819,986
3549,986
2889,986
3741,983
2883,983
1429,982
3705,982
1395,981
249,981
101,979
1057,975
1873,974
1633,974
1939,973
1701,970
952,969
2567,967
19,965
1974,964
2287,963
861,959
41,958
1388,958
3501,954
1348,950
1295,949
2875,948
3783,947
3030,947
2802,945
2083,945
2114,944
2808,942
3308,940
999,939
1132,937
3788,937
1251,936
327,936
3649,935
2004,935
1131,934
3258,933
2677,933
3251,933
3153,933
616,932
1227,931
3742,929
1949,927
1009,927
3688,927
2357,921
1013,920
1416,918
361,917
1226,916
2644,911
2450,911
1931,907
3565,905
1438,904
2513,903
2922,903
663,902
3022,900
2022,897
2745,892
1588,891
5,890
3102,889
3169,889
3478,886
2155,885
2531,884
3099,884
3700,882
2072,882
383,882
420,882
3814,881
1023,881
2059,880
2670,880
1499,878
2457,876
830,871
1281,871
3932,870
2613,870
3145,870
1480,869
3917,868
44,867
2090,865
2693,864
3018,862
2053,860
3342,860
351,859
3355,857
3516,855
73,855
949,855
2367,852
3146,851
2322,850
1422,850
281,850
707,849
233,849
2583,848
1340,845
3347,844
3841,843
1542,843
1735,842
3801,842
3074,841
2202,840
2517,836
986,836
2240,835
2676,834
2208,833
3097,832
3546,830
3197,829
426,829
1457,827
3213,826
1290,826
3477,825
3484,824
1488,823
1615,822
448,821
1683,820
1392,819
2034,818
728,817
2953,816
1946,815
2447,814
3388,810
2232,808
2720,808
2731,808
2950,807
225,806
931,806
107,806
362,804
2524,803
176,803
2822,802
86,801
308,801
2827,801
3316,800
194,800
382,798
3708,796
2099,796
2459,796
1689,795
3032,793
1833,793
1010,791
1611,791
2961,789
3111,788
1951,787
2093,787
2995,787
1015,783
1205,781
2505,779
2729,777
3466,777
322,776
3682,775
1099,774
2736,773
158,772
947,772
1702,771
3296,770
3135,770
1627,769
3093,769
3852,769
1734,769
3179,768
906,766
3882,766
1446,766
175,765
2089,764
237,764
1948,764
3910,764
2249,763
2135,762
2159,762
1342,761
837,758
3729,758
280,757
3404,756
1130,753
1126,752
605,749
3861,748
450,748
2929,747
3204,747
932,747
2772,746
1541,744
2176,744
996,744
2097,743
2025,739
3420,739
455,738
1194,737
2709,737
3430,735
2553,735
3802,735
2866,734
3243,733
3090,733
3707,731
2793,730
2236,729
3208,729
1066,729
3521,729
1649,728
1279,727
1799,727
3194,727
28,726
3930,726
417,725
3724,725
2171,723
1289,723
1966,722
3066,718
918,717
2188,716
3134,716
3444,716
2439,715
2374,715
3341,715
3422,714
880,713
516,712
2120,712
3928,709
2796,708
366,708
1970,708
273,707
2372,706
2404,705
2183,704
2316,704
89,704
3125,703
491,703
2815,703
1713,703
3634,702
2389,700
2136,699
2952,697
1209,696
804,694
2870,693
282,693
2668,692
3831,692
1007,691
3676,690
2344,688
381,688
3426,687
423,687
1556,687
207,686
1021,684
719,684
943,681
94,678
1727,678
938,677
477,676
1648,674
371,674
1821,674
2071,672
879,670
2206,670
1361,670
2121,669
1797,669
2102,667
3519,666
262,666
3606,666
1173,663
3200,662
85,660
2936,659
290,658
3270,657
2456,657
1924,656
1730,656
546,656
3789,655
3821,655
2408,655
762,651
2338,650
3764,647
2891,646
1991,646
3538,645
2558,645
1783,644
3769,643
2550,641
147,641
1191,640
1913,639
1660,639
537,637
338,637
2877,636
1969,636
1753,634
42,634
901,634
2033,633
836,629
355,628
2643,627
154,626
3004,625
3029,622
2551,622
482,621
1150,621
1762,621
946,620
203,620
413,620
3598,619
2123,617
1034,616
490,615
2279,614
276,614
2852,613
2442,612
188,612
3515,612
1785,610
218,610
2106,610
737,609
215,609
2935,608
2422,607
1064,605
3181,605
3926,605
2943,605
1414,604
3091,604
2349,603
3167,603
574,603
2387,602
464,601
3594,601
549,600
2730,600
991,599
3786,598
2399,595
1381,595
714,595
2269,594
3896,594
3364,593
204,593
1431,591
3412,590
2732,589
2147,589
1177,587
892,587
3929,587
3728,586
1866,584
186,583
2906,582
2320,581
1353,580
1273,579
1083,579
256,578
2331,577
2412,576
2038,575
2153,575
2633,573
2014,572
43,572
2453,572
581,571
2611,571
2122,570
1082,570
3238,570
2142,569
2615,569
2879,568
3350,568
1401,568
3078,566
88,565
3653,565
2606,564
2575,564
2520,563
3266,563
3079,563
3506,562
1858,562
3036,562
3480,562
407,562
2252,561
3394,561
2266,560
1772,559
2846,559
1875,558
556,558
1050,558
3405,558
2612,556
1461,556
533,555
3747,555
3825,555
1346,554
1425,553
798,552
3593,551
542,551
1359,550
3727,549
3550,549
2752,548
3272,548
2060,548
1752,547
2259,546
2506,545
1699,543
2263,543
2726,542
1971,542
14,542
277,541
1840,541
1848,539
1419,539
2377,539
3529,538
936,538
3011,538
2077,538
1187,538
122,537
1665,537
2836,537
2163,537
550,537
2379,537
1983,537
2261,536
848,536
2107,535
3439,534
3784,534
611,534
2560,532
3475,531
2574,531
2069,530
2091,530
2184,529
289,528
504,526
2660,526
81,525
2052,525
3324,525
299,524
2806,524
18,524
3028,523
2504,522
2639,522
2907,521
2924,520
1794,518
2043,517
2757,516
46,516
512,514
3754,514
3326,514
3771,513
3248,513
2361,512
157,511
2429,509
2310,509
76,508
1176,508
2042,508
2166,507
3483,506
2654,504
2360,504
2596,503
1016,502
213,499
2370,499
3834,497
1128,497
1487,497
2068,497
2546,497
1085,495
2771,494
2789,494
3503,494
2328,493
2212,491
3182,491
3693,491
2024,491
1306,490
948,488
1464,486
1806,486
3015,486
688,485
3766,485
3262,484
818,484
2017,484
239,483
2497,482
3835,482
3773,482
700,482
3500,480
1942,480
1554,480
2148,479
3925,478
1938,477
2967,476
3865,475
3051,475
3327,473
2540,473
511,472
3387,471
2787,470
1973,469
2373,469
3918,468
2351,467
2932,467
1897,466
195,466
2473,465
2829,464
4,464
1593,464
1190,463
1014,463
1515,463
3672,463
2475,462
1305,459
1484,459
2392,458
2048,458
2432,458
2996,456
2443,453
2568,451
3604,451
765,450
3660,449
328,448
2430,448
358,447
1836,447
2937,446
3915,446
199,446
193,445
429,445
123,445
3445,444
415,444
2448,444
851,444
2956,442
1995,441
140,440
742,440
3646,440
1465,440
334,440
3142,440
2066,440
31,439
709,438
2436,438
3177,437
627,436
3846,434
2026,433
3206,432
1069,432
2554,432
891,432
2900,432
1935,431
405,431
1941,430
695,429
3571,429
2940,429
2280,429
523,428
2162,427
346,423
1192,423
3457,422
2181,421
2920,419
3936,417
3710,417
2860,417
2624,417
1975,415
2899,415
907,412
1498,411
3554,411
332,410
1024,409
1827,408
330,407
20,406
3330,406
2195,406
2151,406
1862,406
315,406
459,405
378,405
2337,404
2927,404
3299,404
1362,403
248,402
3879,401
2669,400
1018,400
438,399
1972,399
2380,398
2561,398
506,398
3470,398
3794,397
2092,397
3937,397
2492,397
2290,397
2902,397
2629,396
1904,394
978,394
1976,394
521,394
3406,394
2988,393
427,393
2173,392
519,392
3120,392
2354,392
100,392
842,391
3872,391
2549,390
2154,390
1483,389
1389,389
941,389
3094,389
2970,388
3357,388
2041,387
374,387
2272,387
1390,387
1111,385
3864,385
2330,383
267,382
662,382
159,381
177,380
1726,380
425,379
12,378
229,378
3024,378
3063,378
2040,377
2365,377
1236,377
2385,376
540,375
190,375
3379,375
2782,375
691,375
801,375
1162,375
436,374
3599,374
135,374
3325,373
694,373
352,373
2325,373
479,372
456,372
3627,372
3077,372
1161,371
782,370
1468,369
897,368
1977,368
944,368
257,368
3096,368
2165,368
3877,368
1919,368
1658,368
1011,368
2570,367
1046,366
518,366
3045,365
558,365
1758,365
2239,363
1804,361
3440,361
23,360
1453,360
3385,360
1788,360
15,359
1535,359
2241,358
3436,357
2682,357
3584,357
547,357
766,357
74,357
2725,356
637,356
1760,356
1003,356
2969,356
2347,355
1940,354
26,353
388,353
1382,353
3613,353
2495,353
3287,352
929,352
2182,351
1824,350
3726,350
548,349
258,349
1999,349
2169,348
3115,348
1330,348
2315,348
465,348
2178,348
781,348
3807,347
3643,347
3190,346
1184,346
3076,345
227,345
3628,345
82,345
3725,344
1686,344
1366,344
2296,343
761,343
2525,342
419,342
3600,342
544,341
1474,341
2645,341
2204,340
187,340
501,339
2535,339
3616,339
735,339
1445,339
2418,338
72,338
3678,338
1005,337
2975,337
57,337
473,336
2364,336
3557,336
1503,336
2095,336
1051,335
451,334
2119,334
927,334
1363,333
1399,333
3275,333
2381,333
171,332
2888,331
3758,331
2882,330
1629,329
2488,328
3225,328
302,328
234,327
3889,326
2314,326
2851,325
1008,323
13,323
2983,323
3214,323
3622,322
2458,322
835,322
973,321
2721,320
2801,320
3720,319
3268,319
2905,318
3859,318
305,318
1216,318
3713,318
1936,318
1929,318
360,317
63,317
2511,317
2027,316
421,316
2661,316
1863,315
2491,315
2170,314
1667,314
3224,312
3038,311
1985,311
2526,310
2519,310
2437,310
3502,309
1934,309
650,309
2500,309
2798,308
205,307
1043,307
886,306
3217,305
2435,305
3392,304
2057,304
2075,303
2587,302
2634,302
575,302
206,301
1598,301
502,300
3619,300
829,300
1816,299
839,299
2451,299
2696,299
613,298
982,298
155,297
1332,297
1545,297
79,297
3046,297
522,296
65,295
2238,295
3370,295
3497,293
3943,293
569,293
2978,293
1681,292
3547,292
2084,291
259,290
3086,290
2016,290
1707,289
3689,288
1654,288
1670,287
117,287
2498,287
3230,286
458,285
3840,285
2327,285
2609,283
1623,283
3544,283
2714,283
917,283
461,282
2295,282
2748,281
1661,281
1992,281
3901,281
2898,280
998,280
1841,280
387,280
2749,280
242,280
3130,280
1621,279
2029,279
635,279
1592,279
2555,279
2607,278
2356,278
3055,278
1432,277
2472,277
483,277
2816,276
743,275
340,275
3075,275
2738,273
3813,273
312,273
2460,273
3399,272
1167,272
615,271
9,271
3709,270
809,270
3286,270
1986,270
30,270
3054,269
1004,269
1352,268
3923,268
3447,268
1054,268
2177,267
3738,266
3746,266
3679,265
326,265
2382,265
363,264
2844,264
2050,264
3017,263
3822,263
3509,262
3417,262
2780,261
2972,261
445,261
3425,260
3810,260
449,260
2276,260
1202,260
1855,259
1647,259
1454,259
2051,258
935,258
1410,258
2651,258
2928,257
3837,257
3456,256
3792,256
2828,255
1475,255
1733,255
893,255
1606,255
725,254
1900,254
3487,253
1870,253
1460,252
3658,252
2621,252
2856,250
2271,250
2880,249
3690,249
3824,249
1646,248
2769,248
2383,247
3427,247
670,247
3920,245
2594,245
1979,244
2168,243
2665,243
3787,243
3590,243
764,242
759,242
2073,242
3199,241
1600,241
3117,241
1006,241
2925,241
489,240
270,240
1404,239
2774,239
2275,239
408,239
2098,239
414,239
2514,239
3401,238
1978,237
3823,237
2874,236
3112,236
3310,235
156,235
1937,235
1241,235
1605,234
2548,234
988,233
3118,233
3914,233
3211,232
2149,232
35,232
3564,231
1397,230
2862,230
3368,230
321,229
169,228
1355,228
1337,228
3431,227
132,227
3553,227
1642,226
3946,226
3795,225
365,225
2062,224
2306,224
692,224
1440,224
1365,223
2521,221
3453,221
3150,221
2419,221
1856,220
1442,220
1984,220
3895,220
3391,219
3858,218
2267,218
2434,218
2417,218
959,217
3375,217
697,217
3767,217
1526,217
416,216
2649,216
3423,216
453,216
3715,216
1684,216
680,215
2264,215
3235,213
2036,213
354,213
1640,213
1987,212
3732,212
3138,211
3069,210
2285,210
1482,210
803,210
2425,210
513,209
3241,209
390,209
118,209
3103,208
606,207
152,207
2445,207
3714,207
668,207
68,207
2255,206
92,206
1744,206
3109,206
2582,205
2885,205
2817,205
8,205
1996,205
1626,204
1601,204
469,204
639,204
2625,203
1759,203
275,203
881,202
2784,202
3718,202
71,202
580,201
1398,201
3908,201
2903,201
61,201
3416,201
976,200
3743,200
2781,200
2210,200
3304,200
1943,200
1998,200
3188,200
3737,200
2753,199
93,199
3734,199
3340,199
80,199
3372,199
271,198
3281,198
3950,198
126,197
3514,196
1980,196
3289,196
2250,195
424,195
393,195
3919,194
269,194
3491,194
2180,193
3662,193
963,193
1550,192
1180,192
1865,192
369,192
2037,191
3947,191
565,191
3008,190
1889,190
806,190
1582,190
2045,190
1516,190
3496,190
640,190
612,190
1232,189
3655,189
3806,189
3141,189
1881,189
2820,189
3870,189
3013,188
715,188
1546,187
1655,187
174,187
2522,186
444,186
609,186
191,185
2585,185
3909,185
3680,185
2499,184
1255,184
2741,184
1993,184
1612,183
2939,182
268,182
1703,182
3903,182
1981,182
3661,181
3127,181
486,180
2708,180
2697,179
27,179
2618,179
64,179
1604,179
1922,178
2283,178
149,178
1571,178
3371,178
422,178
2035,177
1056,177
309,177
2104,177
3302,177
3808,177
810,176
3128,176
1631,176
1925,175
896,175
3677,175
2589,175
3768,175
2007,174
603,174
2786,174
536,174
3849,174
3428,174
467,173
99,173
964,173
2656,172
3790,172
505,172
1837,172
3459,172
279,171
3511,171
528,171
833,170
2113,170
3669,169
602,169
3579,169
1428,169
1413,169
3284,168
217,168
87,168
1581,168
116,168
1650,167
2597,167
3318,167
3048,167
2647,166
1860,166
2265,166
3696,166
937,165
97,165
1447,165
2573,164
78,163
2663,163
577,163
3183,163
2284,163
3414,163
3432,163
2848,162
2790,162
3799,162
487,162
66,162
2810,161
3339,161
2507,161
3144,160
3857,160
882,160
3588,160
3158,160
2807,160
3165,160
2446,160
3577,159
1331,159
2610,159
3739,159
3716,159
2237,158
3320,158
2440,158
3851,158
113,158
3605,158
1791,157
828,157
3133,156
631,156
621,156
1472,156
1839,156
3951,156
313,156
3395,156
711,155
2681,155
3518,155
3180,154
182,154
1910,154
2799,154
1812,153
1310,153
2667,152
2751,152
1746,152
3596,152
1456,151
1341,151
1609,151
2362,151
3539,150
1113,150
3620,150
166,150
181,150
121,150
3064,150
1523,150
875,149
2652,149
1887,149
2812,149
409,148
2190,148
3736,148
2659,146
1896,146
808,146
3602,146
347,146
2590,146
3731,146
2152,146
2965,146
2842,145
2345,145
2868,145
1854,145
3367,145
3632,144
2630,144
1563,144
2341,144
3816,143
3855,143
3014,143
335,143
2835,142
3833,142
846,142
301,142
495,142
956,142
1507,140
779,140
2744,140
2689,139
990,139
2323,138
1564,138
3132,138
1750,138
55,138
705,138
3002,137
1809,137
2260,137
255,136
1624,136
3719,136
568,135
499,135
731,134
1169,134
433,134
3446,133
3572,133
2620,133
3692,133
2044,132
488,132
324,131
437,131
3765,131
391,131
2977,131
1756,130
869,130
2593,130
294,130
2461,130
463,129
1068,129
210,129
2847,129
498,129
1415,128
209,128
665,128
840,128
1669,128
77,128
1317,127
3780,127
970,126
3010,126
3774,126
2481,126
2704,126
3222,125
452,125
3311,125
2626,125
1771,124
3839,124
746,124
3569,124
3041,124
3921,124
3898,123
1123,123
1336,123
1547,123
2400,123
2179,123
2049,123
2974,123
3276,122
3659,122
3674,122
240,122
3143,122
83,122
571,122
2733,122
211,121
3626,121
2893,121
3886,120
1731,120
325,120
3049,120
957,120
3338,120
1112,120
3782,120
496,119
472,119
1417,119
3567,119
1351,119
2055,119
214,119
710,119
341,119
1508,119
1869,118
40,118
1326,118
1932,118
813,118
1695,118
2032,117
1427,117
254,117
2386,116
384,116
760,116
2653,116
2205,116
987,116
3454,116
2493,116
2938,116
2766,116
3694,115
718,115
1044,115
2711,114
3759,114
2876,114
3031,114
2103,114
3124,113
1595,113
1473,113
862,113
3537,113
1859,113
2031,112
2646,112
2131,112
1844,112
3110,112
1829,111
2727,111
1596,111
885,111
1599,110
747,110
850,110
278,110
2579,110
824,110
3559,110
304,110
3838,110
3612,109
1119,109
102,109
3393,109
320,109
3804,109
3691,108
3240,108
1798,108
3663,108
2286,108
1151,108
2494,108
263,108
2884,108
1439,108
3073,107
1988,107
870,107
103,106
3711,106
291,106
179,106
1755,106
888,106
2813,106
54,105
443,105
3433,103
583,103
2756,103
3389,103
1463,103
1906,103
3329,103
722,103
3021,103
2086,103
2638,102
1551,102
564,102
1677,102
343,102
3218,102
1926,102
1053,102
3042,101
183,101
3922,101
3449,101
49,101
3597,101
510,101
3906,101
753,101
1152,101
2479,100
1497,100
1529,100
1696,100
2482,100
2307,100
656,100
685,99
2462,99
1668,99
702,99
3223,99
3221,99
3171,98
3192,98
2368,98
3122,98
1928,98
704,97
2523,97
1572,97
2566,97
667,96
2477,96
1329,96
669,96
241,96
3695,96
3306,95
1489,95
3586,95
3884,95
3805,95
3343,95
3845,95
476,94
2635,94
997,94
1312,94
3913,93
1533,93
2896,93
1477,93
1902,93
2515,93
659,93
2187,93
2818,93
1525,92
3912,92
2577,92
3900,92
1076,92
1867,92
2650,91
1874,91
3664,91
1602,91
3587,90
2666,90
238,90
1585,90
298,90
600,90
3442,90
3403,89
1114,89
3580,89
2843,89
1880,89
2758,88
984,88
3239,88
2637,88
3415,88
3309,88
1825,88
1613,87
297,87
2305,87
3319,87
201,87
184,87
1067,87
460,86
3434,86
3610,86
1725,86
1511,86
1879,86
3349,85
2614,85
3934,85
2465,85
841,85
3568,85
2849,84
1814,84
3756,84
2894,84
3761,83
2655,83
2128,83
2755,83
619,83
1406,83
2516,83
3473,82
2552,82
3531,82
3520,82
1063,82
3885,81
2743,81
3331,81
2853,81
3106,81
2293,81
2979,81
961,80
295,80
3092,80
3776,80
2426,80
2982,80
3843,79
1496,79
2339,79
3637,79
3562,79
877,79
2864,79
38,79
1893,79
2441,79
3532,79
2678,78
2189,78
386,78
250,78
1412,78
1767,78
831,77
3670,77
447,77
484,77
1509,77
2992,77
2878,77
767,77
3540,77
2767,77
3402,77
2785,76
2397,76
1570,76
3924,76
2945,75
1583,75
202,75
3902,75
2512,75
3781,75
1105,75
716,75
967,75
2778,74
2227,74
2886,74
570,74
462,74
389,74
2074,74
3847,74
573,74
2586,74
1857,74
2483,73
3854,73
418,73
3400,73
1728,73
3585,73
633,72
3673,72
3830,72
645,72
3874,72
3345,72
2837,71
1933,71
392,70
2559,70
2047,70
2536,70
1657,70
2674,70
1671,70
219,70
3749,69
3043,69
3832,69
960,69
3935,69
2175,69
1458,68
554,68
771,68
2201,68
3667,67
3894,67
2211,67
649,67
2800,67
2737,67
1421,67
3820,67
525,67
178,66
2537,66
2196,66
470,66
3161,66
394,66
1770,66
3645,65
1846,65
2157,65
84,65
331,65
3775,65
1437,65
2897,65
148,64
3121,64
1739,64
2834,64
3797,64
3047,64
2904,64
3945,64
2056,63
3880,63
2963,63
1826,62
3862,62
3721,62
1087,62
3848,62
617,62
359,61
3625,61
2185,61
1455,61
3137,61
2865,61
1000,61
1423,61
287,61
638,61
974,60
876,60
1144,60
251,59
1323,59
2691,59
2873,59
478,59
681,59
2923,58
1426,58
430,58
1807,58
1116,58
1495,58
274,57
2256,57
3644,57
375,56
1163,56
1493,56
1504,56
3333,56
1154,56
2981,56
2913,56
1322,55
3390,55
2824,55
3931,55
563,55
283,54
3139,54
867,53
1662,53
2350,53
1450,53
751,53
2101,53
128,52
1055,52
146,52
3162,52
992,52
2158,52
197,52
3938,52
1666,52
2388,52
3344,52
632,52
3283,52
2809,51
336,51
1565,51
3817,51
3474,51
96,51
1692,51
189,51
220,51
1549,51
1898,51
3860,51
3939,51
1117,51
2079,50
2292,50
2257,50
3465,50
3492,50
2544,50
567,50
3942,50
2509,50
3050,50
1651,49
1632,49
3351,49
2715,49
2449,49
131,49
3464,49
2776,49
3757,48
1811,48
2627,48
503,48
1153,48
1490,47
1494,47
1501,47
1679,47
561,47
3611,46
2998,46
3025,46
2775,46
2197,46
1328,46
3853,46
3490,45
3313,45
3941,45
3495,45
2466,45
2740,45
3665,45
124,45
1656,45
3488,44
3796,44
1575,44
958,44
1743,43
1574,43
626,43
1822,43
1349,43
2534,43
129,43
2839,43
106,43
2931,43
864,43
2768,42
2503,42
807,42
2415,42
2215,42
2342,41
2164,41
3640,41
3883,41
2773,41
3419,41
2964,40
1531,40
3867,40
1502,40
3642,40
1121,40
137,39
3570,39
925,39
3410,39
3374,39
1715,39
962,39
3581,39
2830,39
769,39
53,38
2281,38
754,38
3573,38
2246,38
3850,38
1325,38
566,38
2008,38
1324,37
3282,37
1168,37
1520,37
1850,37
860,36
2326,36
1335,36
3933,36
1058,36
1038,36
1817,36
2632,36
939,35
811,35
2994,35
3215,35
863,35
2156,34
385,34
2962,34
2675,34
2219,34
1749,34
3012,34
1002,34
598,34
2569,34
2545,34
114,34
1853,34
411,34
3878,34
2658,34
755,34
1675,34
2562,34
2221,34
1780,33
245,33
2209,33
1899,32
3803,32
1872,32
2452,32
2636,32
3335,32
119,32
3140,31
1793,31
1539,31
2933,31
1567,31
3905,31
2984,31
3486,31
3116,30
2892,30
2129,30
1864,30
406,29
1026,29
397,29
854,29
200,29
560,29
1181,29
775,29
1170,28
2191,28
37,28
993,28
2298,28
3154,28
1313,28
228,28
1420,28
1990,27
212,27
3892,27
726,27
2673,27
1444,27
1138,27
3940,26
3058,26
2854,26
136,26
793,26
2332,26
652,26
1436,26
3003,26
2783,26
2831,26
844,25
3636,25
2304,25
3563,25
2061,25
3523,25
874,25
2914,24
2760,24
3648,24
2695,24
614,24
664,24
3777,24
3437,24
3245,24
966,24
2192,23
2911,23
1384,23
2855,23
3292,23
1543,23
2207,23
75,23
3533,23
3149,22
2754,22
1486,22
3056,22
59,22
1989,22
90,22
2833,22
3657,22
1878,22
2930,22
3641,22
1534,22
243,21
1664,21
2464,21
2317,21
1685,21
2814,21
3303,21
1903,20
108,20
2200,20
1659,20
3232,20
1901,20
1519,20
3592,20
526,20
1782,20
630,20
2063,20
1741,20
2444,20
618,19
1369,19
244,19
2705,19
3944,19
3866,19
2850,19
1514,19
2765,19
1174,19
972,19
3443,19
3574,18
1164,18
3463,18
167,18
56,18
2538,18
1718,18
1849,18
1522,17
1890,17
3293,17
2602,17
1071,17
1471,17
1383,17
2557,17
1891,17
2487,17
3818,17
732,17
3778,17
2999,16
1871,16
310,16
264,16
2486,16
3207,16
2358,16
703,16
1532,16
3609,16
787,15
3184,15
2242,15
559,15
1930,15
2234,15
1040,15
757,15
3652,15
2299,15
404,15
985,15
3346,14
980,14
3875,14
2578,14
1149,14
682,14
2127,14
1160,13
1561,13
847,13
3314,13
2244,13
2172,13
2679,13
3378,13
67,13
2608,13
1652,13
823,13
820,13
696,13
756,12
3026,12
3891,12
1796,12
2685,12
1636,12
776,12
3126,12
1098,12
98,12
1622,12
33,12
2934,12
3595,12
815,12
3887,12
3522,12
853,12
3288,12
729,11
698,11
1039,11
2960,11
2510,11
2825,11
3242,11
1886,11
981,11
3322,11
749,11
1553,11
2623,11
1538,10
3001,10
1861,10
2631,10
3575,10
3666,10
1877,10
2823,10
2777,10
796,10
2223,10
666,10
3603,10
3216,10
3233,10
578,9
3482,9
734,9
1720,9
687,9
1795,9
3187,9
1433,9
2887,9
3888,9
3517,9
439,9
2480,9
2309,9
3205,9
3380,9
557,9
623,9
3136,9
120,8
3027,8
834,8
1102,8
2233,8
2869,8
3352,8
3876,8
130,8
2955,8
1851,8
3057,8
2811,8
2821,8
1139,8
3601,8
3353,8
1434,8
1842,8
134,8
3631,8
3305,8
3373,8
2198,8
1311,7
3800,7
2251,7
1787,7
679,7
3472,7
3377,7
530,7
3166,7
3413,7
3084,7
3337,7
1364,7
712,7
3236,7
1315,7
791,7
3295,7
3381,7
1360,7
3131,7
2543,7
744,6
1134,6
582,6
2895,6
789,6
657,6
1107,6
827,6
3336,6
884,6
2576,6
3748,6
1070,6
3542,6
572,6
1555,6
2258,6
192,6
643,6
401,6
1773,5
1062,5
634,5
3119,5
3280,5
3772,5
3407,5
3899,5
706,5
889,5
1830,5
3881,5
1510,5
1145,5
887,5
3212,5
3085,5
1548,5
138,5
3172,5
3828,5
3621,5
989,5
3294,5
3607,5
3382,5
3656,5
1133,4
758,4
774,4
792,4
2343,4
3647,4
717,4
672,4
821,4
139,4
1470,4
1915,4
3762,4
607,4
3229,4
1868,4
624,4
3164,4
1832,4
2591,4
584,4
701,4
3687,4
3065,4
977,4
396,4
1316,4
878,4
3277,4
398,4
1528,4
690,4
2909,4
2438,4
591,4
3530,4
402,3
2556,3
814,3
658,3
576,3
1558,3
1579,3
3485,3
3890,3
790,3
2592,3
3123,3
660,3
2214,3
763,3
3290,3
975,3
868,3
3779,3
1905,3
1724,3
3842,3
872,3
311,3
2563,3
1908,3
601,3
2619,3
3458,3
2584,3
2226,3
1764,3
1843,3
2703,3
3323,3
286,3
3151,2
545,2
3651,2
895,2
865,2
3291,2
642,2
1714,2
3297,2
3228,2
1820,2
2218,2
1709,2
226,2
3493,2
2308,2
3315,2
1142,2
2235,2
3220,2
2484,2
2742,2
644,2
579,2
1118,2
1815,2
2277,2
2254,2
651,2
859,2
3722,2
1852,2
3321,2
1630,2
1165,1
3209,1
826,1
730,1
655,1
2039,1
133,1
843,1
3460,1
2213,1
3202,1
2217,1
3237,1
1430,1
3376,1
3904,1
142,1
641,1
1386,1
684,1
1115,1
3312,1
2845,1
127,1
